{"cameraMode":{"drawMode":0,"name":"Shaded","section":"Shading Mode"},"sceneLighting":true,"audioPlay":false,"sceneViewState":{"m_AlwaysRefresh":false,"showFog":true,"showSkybox":true,"showFlares":true,"showImageEffects":true,"showParticleSystems":true,"showVisualEffectGraphs":true,"m_FxEnabled":true},"in2DMode":false,"pivot":{"x":-9.560822486877442,"y":5.70219087600708,"z":4.8820672035217289},"rotation":{"x":0.00038674595998600125,"y":-0.9850881099700928,"z":0.1734774112701416,"w":0.005774388555437326},"size":2.1332170963287355,"orthographic":false}