{"cameraMode":{"drawMode":0,"name":"Shaded","section":"Shading Mode"},"sceneLighting":true,"audioPlay":false,"sceneViewState":{"m_AlwaysRefresh":false,"showFog":true,"showSkybox":true,"showFlares":true,"showImageEffects":true,"showParticleSystems":true,"showVisualEffectGraphs":true,"m_FxEnabled":true},"in2DMode":false,"pivot":{"x":-26.233278274536134,"y":-167.68621826171876,"z":-198.0084991455078},"rotation":{"x":0.028945237398147584,"y":-0.9327756762504578,"z":0.35143446922302248,"w":0.07690029591321945},"size":138.08628845214845,"orthographic":false}